{
  "0": {"probabilityDead": 0.005837},
  "1": {"probabilityDead": 0.00041},
  "2": {"probabilityDead": 0.000254},
  "3": {"probabilityDead": 0.000207},
  "4": {"probabilityDead": 0.000167},
  "5": {"probabilityDead": 0.000141},
  "6": {"probabilityDead": 0.000123},
  "7": {"probabilityDead": 0.000113},
  "8": {"probabilityDead": 0.000108},
  "9": {"probabilityDead": 0.000114},
  "10": {"probabilityDead": 0.000127},
  "11": {"probabilityDead": 0.000146},
  "12": {"probabilityDead": 0.000174},
  "13": {"probabilityDead": 0.000228},
  "14": {"probabilityDead": 0.000312},
  "15": {"probabilityDead": 0.000435},
  "16": {"probabilityDead": 0.000604},
  "17": {"probabilityDead": 0.000814},
  "18": {"probabilityDead": 0.001051},
  "19": {"probabilityDead": 0.00125},
  "20": {"probabilityDead": 0.001398},
  "21": {"probabilityDead": 0.001524},
  "22": {"probabilityDead": 0.001612},
  "23": {"probabilityDead": 0.001682},
  "24": {"probabilityDead": 0.001747},
  "25": {"probabilityDead": 0.001812},
  "26": {"probabilityDead": 0.001884},
  "27": {"probabilityDead": 0.001974},
  "28": {"probabilityDead": 0.00207},
  "29": {"probabilityDead": 0.002172},
  "30": {"probabilityDead": 0.002275},
  "31": {"probabilityDead": 0.002368},
  "32": {"probabilityDead": 0.002441},
  "33": {"probabilityDead": 0.002517},
  "34": {"probabilityDead": 0.00259},
  "35": {"probabilityDead": 0.002673},
  "36": {"probabilityDead": 0.002791},
  "37": {"probabilityDead": 0.002923},
  "38": {"probabilityDead": 0.003054},
  "39": {"probabilityDead": 0.003207},
  "40": {"probabilityDead": 0.003333},
  "41": {"probabilityDead": 0.003464},
  "42": {"probabilityDead": 0.003587},
  "43": {"probabilityDead": 0.003735},
  "44": {"probabilityDead": 0.003911},
  "45": {"probabilityDead": 0.004137},
  "46": {"probabilityDead": 0.004452},
  "47": {"probabilityDead": 0.004823},
  "48": {"probabilityDead": 0.005214},
  "49": {"probabilityDead": 0.005594},
  "50": {"probabilityDead": 0.005998},
  "51": {"probabilityDead": 0.0065},
  "52": {"probabilityDead": 0.007081},
  "53": {"probabilityDead": 0.007711},
  "54": {"probabilityDead": 0.008394},
  "55": {"probabilityDead": 0.009109},
  "56": {"probabilityDead": 0.009881},
  "57": {"probabilityDead": 0.010687},
  "58": {"probabilityDead": 0.011566},
  "59": {"probabilityDead": 0.012497},
  "60": {"probabilityDead": 0.013485},
  "61": {"probabilityDead": 0.014595},
  "62": {"probabilityDead": 0.015702},
  "63": {"probabilityDead": 0.016836},
  "64": {"probabilityDead": 0.017908},
  "65": {"probabilityDead": 0.018943},
  "66": {"probabilityDead": 0.020103},
  "67": {"probabilityDead": 0.021345},
  "68": {"probabilityDead": 0.02275},
  "69": {"probabilityDead": 0.024325},
  "70": {"probabilityDead": 0.026137},
  "71": {"probabilityDead": 0.028125},
  "72": {"probabilityDead": 0.030438},
  "73": {"probabilityDead": 0.033249},
  "74": {"probabilityDead": 0.036975},
  "75": {"probabilityDead": 0.040633},
  "76": {"probabilityDead": 0.04471},
  "77": {"probabilityDead": 0.049152},
  "78": {"probabilityDead": 0.054265},
  "79": {"probabilityDead": 0.059658},
  "80": {"probabilityDead": 0.065568},
  "81": {"probabilityDead": 0.07213},
  "82": {"probabilityDead": 0.079691},
  "83": {"probabilityDead": 0.088578},
  "84": {"probabilityDead": 0.098388},
  "85": {"probabilityDead": 0.109139},
  "86": {"probabilityDead": 0.120765},
  "87": {"probabilityDead": 0.133763},
  "88": {"probabilityDead": 0.14837},
  "89": {"probabilityDead": 0.164535},
  "90": {"probabilityDead": 0.182632},
  "91": {"probabilityDead": 0.202773},
  "92": {"probabilityDead": 0.223707},
  "93": {"probabilityDead": 0.245124},
  "94": {"probabilityDead": 0.266933},
  "95": {"probabilityDead": 0.288602},
  "96": {"probabilityDead": 0.309781},
  "97": {"probabilityDead": 0.330099},
  "98": {"probabilityDead": 0.349177},
  "99": {"probabilityDead": 0.366635},
  "100": {"probabilityDead": 0.384967},
  "101": {"probabilityDead": 0.404215},
  "102": {"probabilityDead": 0.424426},
  "103": {"probabilityDead": 0.445648},
  "104": {"probabilityDead": 0.46793},
  "105": {"probabilityDead": 0.491326},
  "106": {"probabilityDead": 0.515893},
  "107": {"probabilityDead": 0.541687},
  "108": {"probabilityDead": 0.568772},
  "109": {"probabilityDead": 0.59721},
  "110": {"probabilityDead": 0.627071},
  "111": {"probabilityDead": 0.658424},
  "112": {"probabilityDead": 0.691346},
  "113": {"probabilityDead": 0.725913},
  "114": {"probabilityDead": 0.762209},
  "115": {"probabilityDead": 0.800319},
  "116": {"probabilityDead": 0.840335},
  "117": {"probabilityDead": 0.882352},
  "118": {"probabilityDead": 0.926469},
  "119": {"probabilityDead": 0.972793}
}
